{
    "groups": [
        [
        "I0", "M20.1", "M20.2", "M20.3", "M20.4", "M20.5", "M20.6", "M20.7", "M20.8", "M19.1",
        "M19.2", "M19.3", "M19.4", "M21.1", "M21.2", "M21.3", "M21.4", "M21.5", "M21.6", "M21.7",
        "M21.8", "M21.9", "M21.10", "M21.11", "M21.12", "M21.13", "M21.14", "M21.15", "M21.16", "I1"
        ],
        ["I62", "M18.1", "M4.3", "M4.4", "M18.2", "I38"],
        ["I64", "M4.1", "M18.4", "M18.3", "M4.2", "I65"],
        ["I13", "M14.3", "M14.4", "M13.3", "M13.4", "I12"],
        ["I15", "M14.1", "M14.2", "M13.1", "M13.2", "I14"],
        ["M15.1", "M15.4", "M15.3", "M15.2", "M15.5", "M15.6", "M15.7", "M15.8"],
        [
        "I51", "M16.1", "M16.2", "M16.3", "M16.4", "M17.1", "M17.2", "M17.3", "M17.4",
        "M17.5", "M17.6", "M17.7", "M17.8", "I53"
        ],
        ["I47", "M5", "M6", "I46"],
        ["I55", "M7.1", "M7.2", "M7.3", "M7.4", "I54"]
    ],
    "groups_paras": [
        [78.240000, 56.17000, "PMOS", "D","DUMMY"],
        [17.280000, 29.36000, "PMOS", "D","DUMMY"],
        [17.280000, 6.220000, "PMOS", "U","DUMMY"],
        [92.000000, 67.67000, "PMOS", "D","DUMMY"],
        [92.000000, 55.41000, "PMOS", "U","DUMMY"],
        [93.565000, 4.500000, "NMOS", "U","NONE"],
        [76.685000, 4.500000, "NMOS", "U","DUMMY"],
        [51.365000, 4.430000, "NMOS", "U","DUMMY"],
        [38.745000, 4.500000, "NMOS", "U","DUMMY"]
    ],

    "res_setting": [
        ["R2", 83.09, 17.665],
        ["R3", 58.475, 20.87]
    ],
    "cap_setting": [
        ["C1.2", 30.615, 23.46],
        ["C1.1", 63.415, 23.46]
    ],
    "rings": [
        [0],
        [1, 2],
        [3, 4],
        [5],
        [6],
        [7],
        [8]
    ]
}
    